﻿Designator,Footprint,Quantity,Value,LCSC Part #
"C1, C11, C14, C17, C18, C19, C20, C22, C24, C25, C26, C27, C3, C4, C5, C6, C7",0805,17,100n,
"C10, C9",0805,2,18pF,
"C12, C13, C2",0805,3,10u,
"C15, C16, C23",0805,3,2.2u,
"C21, C31",0805,2,47p,
C8,0805,1,4.7u,
"D1, D5",SOT-23,2,BAT54SLT1G,
"D2, D3",0805,2,LED,
FB1,0805,1,600R @ 100MHz,
J1,SHOUHAN_TYPE-C_16PIN_2MD__073_,1,TYPE-C_16PIN_2MD__073_,
"J10, J8",PinHeader_1x02_P2.54mm_Vertical,2,Conn_01x02_Pin,
"J11, J2, J6",PinHeader_1x04_P2.54mm_Vertical,3,Conn_01x04_Pin,
J3,PinHeader_1x09_P2.54mm_Vertical,1,Conn_01x09_Pin,
"J4, J5, J9",PinHeader_1x05_P2.54mm_Vertical,3,Conn_01x05_Pin,
J7,PinHeader_1x03_P2.54mm_Vertical,1,Conn_01x03_Pin,
"R1, R3",0805,2,10k,
"R10, R11, R13, R15, R7, R8",0805,6,1M,
"R12, R17, R18, R19, R20, R21, R22, R23, R25, R9",0805,10,10M,
"R14, R16",0805,2,100,
"R2, R4, R5, R6",0805,4,5k1,
"R24, R26",0805,2,330,
S1,SW_KMR221GLFS,1,KMR221GLFS,
SW1,SW-SMD_SSSS810701,1,SW_SPDT,
U1,LQFP-64_10x10mm_P0.5mm,1,STM32F405RGT6,
U2,SOT-223-3_TabPin2,1,AMS1117-3.3,
U3,SOT-23-6,1,USBLC6-2SC6,
"U4, U5",SOIC127P599X175-8N,2,OPA350UA_2K5,
Y1,Crystal_SMD_3225-4Pin_3.2x2.5mm,1,24MHz,
